id,name,age
1,Anita Richardson,61
2,Vickie Barr,29
3,Richard Cunningham Jr.,22
4,Donna Robinson,50
5,Michele Sanders,29
6,Joseph Mcpherson,48
7,Jody Rodriguez,20
8,Alexander Hancock,40
9,Diana Malone,48
10,Sara Cook,36
11,Terry Moody,65
12,Melissa Warren,55
13,Gina Higgins,64
14,Jason Gould,46
15,Renee Jefferson,62
16,Jessica Davis,57
17,Craig Oconnor,56
18,Marcus Thompson,23
19,Andrea Frederick,61
20,Michelle Mccarty,31
21,Christopher Mooney,30
22,Kevin Wright,19
23,Kathy Johnson,62
24,Misty Kane,49
25,Leslie Wright,18
26,Mr. Francis Zamora DDS,43
27,Christopher Moore,48
28,Kristie Bridges,54
29,Savannah Barnes,29
30,Eric Gallagher,55
31,Nancy Gardner,27
32,Dr. Christian Wagner,38
33,Bradley Williams,32
34,Elizabeth Hawkins,43
35,Joyce Silva,55
36,Patrick Sampson,65
37,Sabrina Wood MD,42
38,Matthew Gentry,37
39,Catherine Riggs,33
40,Jennifer Sanchez,24
41,Christine Johnson,63
42,Scott Gonzales,54
43,Jennifer Austin,52
44,Robert Smith,49
45,Monique James,59
46,Shannon Johnson,38
47,Summer Hall,47
48,Elizabeth Branch,58
49,Troy Vance,48
50,David Suarez,56
51,Anne Ramirez,52
52,Laura Wood,37
53,Crystal Hoffman,33
54,Steven Knapp,45
55,Barbara Garcia,41
56,Ariana Peterson,57
57,Jeffrey Neal,65
58,Sharon Flores DDS,39
59,Mary Jones,23
60,Jacob Gonzalez,32
61,Michael Watkins,44
62,Nicholas Dickerson,22
63,Jason Baker,25
64,Corey Davies,25
65,Dana Daugherty,43
66,Nicholas Klein,35
67,Taylor Garcia,47
68,Sandra Fletcher,45
69,Paige Cortez,46
70,Alan Stevenson,53
71,Bianca Ramirez,29
72,Sandra Dillon,51
73,Julia White,48
74,Catherine Briggs,45
75,Eric Hamilton,52
76,James Martinez,42
77,Jane Hanson,56
78,Derek Allen,45
79,Mr. Timothy Phillips,53
80,Christopher Sawyer,35
81,Mrs. Michelle Holland,61
82,Luis Benson,52
83,Alan Fletcher,32
84,Julie Carter,62
85,Kayla Farrell,55
86,Elizabeth Rodriguez,18
87,Jordan Moreno,60
88,Theresa Wagner,43
89,Thomas Ortiz,28
90,Mr. Daniel Wiley,23
91,Joshua Gallagher,50
92,Laura Brown,28
93,Angela Garcia,53
94,Melanie Valdez,62
95,Heather Williams,55
96,Tammy Fox,44
97,Melissa White,26
98,Sharon Mcguire,30
99,Amy Murillo,38
100,Julie Ross,59
